id,focus,signal,slack,drag,confidence,score,lane,kind,invariant
g001,allocation pressure,101,27,31,100,376,ship,baseline,monotonic-signal
g002,dirty state,72,22,20,69,279,ship,edge,drag-penalty
g003,guard slack,105,57,37,33,325,ship,recovery,confidence-floor
g004,layout drift,81,77,5,44,420,ship,negative,lane-boundary
g005,allocation pressure,73,55,33,97,279,ship,baseline,monotonic-signal
g006,dirty state,72,46,6,85,389,ship,edge,drag-penalty
g007,guard slack,75,9,36,41,170,watch,recovery,confidence-floor
g008,layout drift,36,28,11,66,183,watch,negative,lane-boundary
g009,allocation pressure,108,75,42,83,380,ship,baseline,monotonic-signal
g010,dirty state,60,31,38,96,177,watch,edge,drag-penalty
g011,guard slack,83,47,16,64,363,ship,recovery,confidence-floor
g012,layout drift,98,22,7,96,475,ship,negative,lane-boundary
g013,allocation pressure,109,12,41,73,316,ship,baseline,monotonic-signal
g014,dirty state,30,45,22,66,121,watch,edge,drag-penalty
g015,guard slack,38,64,35,67,108,hold,recovery,confidence-floor
g016,layout drift,90,76,43,72,293,ship,negative,lane-boundary
g017,allocation pressure,31,14,7,36,139,watch,baseline,monotonic-signal
g018,dirty state,93,21,32,66,299,ship,edge,drag-penalty
g019,guard slack,40,27,25,85,147,watch,recovery,confidence-floor
g020,layout drift,61,67,44,99,190,ship,negative,lane-boundary
g021,allocation pressure,75,55,34,68,253,ship,baseline,monotonic-signal
g022,dirty state,85,16,10,32,338,ship,edge,drag-penalty
g023,guard slack,50,34,41,43,72,hold,recovery,confidence-floor
g024,layout drift,36,46,16,96,206,ship,negative,lane-boundary
g025,allocation pressure,76,59,5,84,422,ship,baseline,monotonic-signal
g026,dirty state,56,28,22,40,182,watch,edge,drag-penalty
g027,guard slack,49,15,32,65,116,watch,recovery,confidence-floor
g028,layout drift,49,11,18,82,199,ship,negative,lane-boundary
g029,allocation pressure,53,47,33,95,189,ship,baseline,monotonic-signal
g030,dirty state,58,32,21,63,222,ship,edge,drag-penalty
g031,guard slack,108,27,38,95,364,ship,recovery,confidence-floor
g032,layout drift,54,62,27,72,215,ship,negative,lane-boundary
g033,allocation pressure,113,12,23,65,414,ship,baseline,monotonic-signal
g034,dirty state,58,60,43,66,143,watch,edge,drag-penalty
g035,guard slack,34,51,34,71,88,hold,recovery,confidence-floor
g036,layout drift,114,14,26,35,375,ship,negative,lane-boundary
g037,allocation pressure,113,33,7,65,515,ship,baseline,monotonic-signal
g038,dirty state,116,10,20,84,458,ship,edge,drag-penalty
g039,guard slack,77,36,28,98,302,ship,recovery,confidence-floor
g040,layout drift,61,52,34,67,193,ship,negative,lane-boundary
g041,allocation pressure,101,27,17,31,377,ship,baseline,monotonic-signal
g042,dirty state,36,17,10,42,153,watch,edge,drag-penalty
g043,guard slack,51,50,29,95,204,ship,recovery,confidence-floor
g044,layout drift,62,69,19,83,305,ship,negative,lane-boundary
g045,allocation pressure,71,11,37,39,149,watch,baseline,monotonic-signal
g046,dirty state,79,19,26,64,269,ship,edge,drag-penalty
g047,guard slack,43,26,43,81,64,hold,recovery,confidence-floor
g048,layout drift,72,32,32,94,254,ship,negative,lane-boundary
g049,allocation pressure,46,72,7,62,283,ship,baseline,monotonic-signal
g050,dirty state,81,60,17,94,393,ship,edge,drag-penalty
g051,guard slack,102,21,45,71,275,ship,recovery,confidence-floor
g052,layout drift,116,39,18,64,477,ship,negative,lane-boundary
g053,allocation pressure,38,51,6,65,238,ship,baseline,monotonic-signal
g054,dirty state,91,64,23,70,383,ship,edge,drag-penalty
g055,guard slack,77,33,12,34,315,ship,recovery,confidence-floor
g056,layout drift,117,20,8,64,512,ship,negative,lane-boundary
g057,allocation pressure,97,16,28,83,347,ship,baseline,monotonic-signal
g058,dirty state,90,52,19,97,414,ship,edge,drag-penalty
g059,guard slack,90,37,11,66,408,ship,recovery,confidence-floor
g060,layout drift,94,32,34,30,268,ship,negative,lane-boundary
g061,allocation pressure,99,67,5,41,479,ship,baseline,monotonic-signal
g062,dirty state,61,17,13,94,290,ship,edge,drag-penalty
g063,guard slack,95,65,19,82,432,ship,recovery,confidence-floor
g064,layout drift,66,56,44,38,138,watch,negative,lane-boundary
g065,allocation pressure,99,19,37,63,293,ship,baseline,monotonic-signal
g066,dirty state,75,38,14,80,348,ship,edge,drag-penalty
g067,guard slack,67,15,4,93,356,ship,recovery,confidence-floor
g068,layout drift,66,41,22,61,256,ship,negative,lane-boundary
g069,allocation pressure,69,57,11,93,371,ship,baseline,monotonic-signal
g070,dirty state,30,32,28,70,82,hold,edge,drag-penalty
g071,guard slack,102,22,17,63,408,ship,recovery,confidence-floor
g072,layout drift,54,55,34,64,165,watch,negative,lane-boundary
g073,allocation pressure,77,74,44,69,231,ship,baseline,monotonic-signal
g074,dirty state,92,16,30,33,267,ship,edge,drag-penalty
g075,guard slack,103,24,45,63,274,ship,recovery,confidence-floor
g076,layout drift,112,31,33,82,396,ship,negative,lane-boundary
g077,allocation pressure,32,37,8,96,221,ship,baseline,monotonic-signal
g078,dirty state,84,77,39,65,283,ship,edge,drag-penalty
g079,guard slack,113,65,35,29,371,ship,recovery,confidence-floor
g080,layout drift,87,26,13,40,349,ship,negative,lane-boundary
g081,allocation pressure,34,44,4,93,253,ship,baseline,monotonic-signal
g082,dirty state,55,56,38,81,167,watch,edge,drag-penalty
g083,guard slack,69,69,19,37,287,ship,recovery,confidence-floor
g084,layout drift,79,38,32,62,256,ship,negative,lane-boundary
g085,allocation pressure,44,25,40,79,80,hold,baseline,monotonic-signal
g086,dirty state,30,21,4,92,213,ship,edge,drag-penalty
g087,guard slack,70,57,29,60,252,ship,recovery,confidence-floor
g088,layout drift,50,42,22,92,224,ship,negative,lane-boundary
g089,allocation pressure,43,37,41,69,73,hold,baseline,monotonic-signal
g090,dirty state,43,72,31,62,151,watch,edge,drag-penalty
g091,guard slack,47,22,7,63,238,ship,recovery,confidence-floor
g092,layout drift,52,70,38,68,156,watch,negative,lane-boundary
g093,allocation pressure,102,61,13,32,436,ship,baseline,monotonic-signal
g094,dirty state,48,24,44,62,58,hold,edge,drag-penalty
g095,guard slack,107,43,19,81,457,ship,recovery,confidence-floor
g096,layout drift,52,20,29,95,178,watch,negative,lane-boundary
